time,ref,ref_top,ref_bottom,u,y
95.025,17.500,20.500,14.500,16.000,29.60
95.050,17.500,20.500,14.500,16.000,29.10
95.075,17.500,20.500,14.500,16.000,29.30
95.100,17.500,20.500,14.500,16.000,28.40
95.125,17.500,20.500,14.500,16.000,28.00
95.150,17.500,20.500,14.500,16.000,28.00
95.175,17.500,20.500,14.500,16.000,27.30
95.200,17.500,20.500,14.500,16.000,28.40
95.225,17.500,20.500,14.500,16.000,27.10
95.250,17.500,20.500,14.500,16.000,27.20
95.275,17.500,20.500,14.500,16.000,26.30
95.300,17.500,20.500,14.500,16.000,26.00
95.325,17.500,20.500,14.500,16.000,25.80
95.350,17.500,20.500,14.500,16.000,25.20
95.375,17.500,20.500,14.500,16.000,25.10
95.400,17.500,20.500,14.500,16.000,24.30
95.425,17.500,20.500,14.500,16.000,24.20
95.450,17.500,20.500,14.500,16.000,23.40
95.475,17.500,20.500,14.500,16.000,23.10
95.500,17.500,20.500,14.500,16.000,22.00
95.525,17.500,20.500,14.500,16.000,22.20
95.550,17.500,20.500,14.500,16.000,21.90
95.575,17.500,20.500,14.500,16.000,20.90
95.600,17.500,20.500,14.500,16.000,20.00
95.625,17.500,20.500,14.500,16.000,19.80
95.650,17.500,20.500,14.500,16.000,18.80
95.675,17.500,20.500,14.500,16.000,18.40
95.700,17.500,20.500,14.500,16.000,17.50
95.725,17.500,20.500,14.500,16.000,17.50
95.750,17.500,20.500,14.500,16.000,16.60
95.775,17.500,20.500,14.500,16.000,16.10
95.800,17.500,20.500,14.500,16.000,16.10
95.825,17.500,20.500,14.500,16.000,15.10
95.850,17.500,20.500,14.500,16.000,14.60
95.875,17.500,20.500,14.500,17.500,13.50
95.900,17.500,20.500,14.500,17.500,13.30
95.925,17.500,20.500,14.500,17.500,13.20
95.950,17.500,20.500,14.500,17.500,11.80
95.975,17.500,20.500,14.500,17.500,12.00
96.000,17.500,20.500,14.500,17.500,10.80
96.025,17.500,20.500,14.500,17.500,10.10
96.050,17.500,20.500,14.500,17.500,10.10
96.075,17.500,20.500,14.500,17.500,8.80
96.100,17.500,20.500,14.500,17.500,8.40
96.125,17.500,20.500,14.500,17.500,7.40
96.150,17.500,20.500,14.500,17.500,7.50
96.175,17.500,20.500,14.500,17.500,7.30
96.200,17.500,20.500,14.500,17.500,6.70
96.225,17.500,20.500,14.500,17.500,6.70
96.250,17.500,20.500,14.500,17.500,5.90
96.275,17.500,20.500,14.500,17.500,5.30
96.300,17.500,20.500,14.500,17.500,4.30
96.325,17.500,20.500,14.500,17.500,5.20
96.350,17.500,20.500,14.500,17.500,4.30
96.375,17.500,20.500,14.500,17.500,3.60
96.400,17.500,20.500,14.500,17.500,3.30
96.425,17.500,20.500,14.500,17.500,2.90
96.450,17.500,20.500,14.500,17.500,2.60
96.475,17.500,20.500,14.500,17.500,2.40
96.500,17.500,20.500,14.500,17.500,2.10
96.525,17.500,20.500,14.500,17.500,1.90
96.550,17.500,20.500,14.500,17.500,1.30
96.575,17.500,20.500,14.500,17.500,0.90
96.600,17.500,20.500,14.500,17.500,1.40
96.625,17.500,20.500,14.500,17.500,1.40
96.650,17.500,20.500,14.500,17.500,0.90
96.675,17.500,20.500,14.500,17.500,1.40
96.700,17.500,20.500,14.500,17.500,1.10
96.725,17.500,20.500,14.500,17.500,1.30
96.750,17.500,20.500,14.500,17.500,0.70
96.775,17.500,20.500,14.500,17.500,1.00
96.800,17.500,20.500,14.500,17.500,1.30
96.825,17.500,20.500,14.500,17.500,0.80
96.850,17.500,20.500,14.500,17.500,1.10
96.875,17.500,20.500,14.500,17.500,0.90
96.900,17.500,20.500,14.500,17.500,1.10
96.925,17.500,20.500,14.500,17.500,1.20
96.950,17.500,20.500,14.500,17.500,1.10
96.975,17.500,20.500,14.500,17.500,1.40
97.000,17.500,20.500,14.500,17.500,0.90
97.025,17.500,20.500,14.500,17.500,1.00
97.050,17.500,20.500,14.500,17.500,1.00
97.075,17.500,20.500,14.500,17.500,1.40
97.100,17.500,20.500,14.500,17.500,1.10
97.125,17.500,20.500,14.500,17.500,1.20
97.150,17.500,20.500,14.500,17.500,1.40
97.175,17.500,20.500,14.500,17.500,0.80
97.200,17.500,20.500,14.500,17.500,1.30
97.225,17.500,20.500,14.500,17.500,1.50
97.250,17.500,20.500,14.500,17.500,1.60
97.275,17.500,20.500,14.500,17.500,1.30
97.300,17.500,20.500,14.500,17.500,1.90
97.325,17.500,20.500,14.500,17.500,1.90
97.350,17.500,20.500,14.500,17.500,2.30
97.375,17.500,20.500,14.500,17.500,2.40
97.400,17.500,20.500,14.500,17.500,2.40
97.425,17.500,20.500,14.500,17.500,2.50
97.450,17.500,20.500,14.500,17.500,3.40
97.475,17.500,20.500,14.500,17.500,3.30
97.500,17.500,20.500,14.500,17.500,3.70
97.525,17.500,20.500,14.500,17.500,3.60
97.550,17.500,20.500,14.500,17.500,4.40
97.575,17.500,20.500,14.500,17.500,4.50
97.600,17.500,20.500,14.500,17.500,4.90
97.625,17.500,20.500,14.500,17.500,5.50
97.650,17.500,20.500,14.500,17.500,5.70
97.675,17.500,20.500,14.500,17.500,6.00
97.700,17.500,20.500,14.500,17.500,6.00
97.725,17.500,20.500,14.500,17.500,6.40
97.750,17.500,20.500,14.500,17.500,6.90
97.775,17.500,20.500,14.500,17.500,7.50
97.800,17.500,20.500,14.500,17.500,7.60
97.825,17.500,20.500,14.500,17.500,8.20
97.850,17.500,20.500,14.500,17.500,8.90
97.875,17.500,20.500,14.500,17.500,9.20
97.900,17.500,20.500,14.500,17.500,9.60
97.925,17.500,20.500,14.500,17.500,10.20
97.950,17.500,20.500,14.500,17.500,10.40
97.975,17.500,20.500,14.500,17.500,10.90
98.000,17.500,20.500,14.500,17.500,10.90
98.025,17.500,20.500,14.500,17.500,12.50
98.050,17.500,20.500,14.500,17.500,12.40
98.075,17.500,20.500,14.500,17.500,12.80
98.100,17.500,20.500,14.500,17.500,13.60
98.125,17.500,20.500,14.500,17.500,13.60
98.150,17.500,20.500,14.500,17.500,14.60
98.175,17.500,20.500,14.500,17.500,15.00
98.200,17.500,20.500,14.500,17.500,15.70
98.225,17.500,20.500,14.500,17.500,16.30
98.250,17.500,20.500,14.500,17.500,16.60
98.275,17.500,20.500,14.500,17.500,17.60
98.300,17.500,20.500,14.500,17.500,18.60
98.325,17.500,20.500,14.500,17.500,18.60
98.350,17.500,20.500,14.500,17.500,18.60
98.375,17.500,20.500,14.500,17.500,19.80
98.400,17.500,20.500,14.500,17.500,20.10
98.425,17.500,20.500,14.500,16.000,21.20
98.450,17.500,20.500,14.500,16.000,21.90
98.475,17.500,20.500,14.500,16.000,22.10
98.500,17.500,20.500,14.500,16.000,23.40
98.525,17.500,20.500,14.500,16.000,23.30
98.550,17.500,20.500,14.500,16.000,24.10
98.575,17.500,20.500,14.500,16.000,24.90
98.600,17.500,20.500,14.500,16.000,25.30
98.625,17.500,20.500,14.500,16.000,25.70
98.650,17.500,20.500,14.500,16.000,26.40
98.675,17.500,20.500,14.500,16.000,26.80
98.700,17.500,20.500,14.500,16.000,27.80
98.725,17.500,20.500,14.500,16.000,27.30
98.750,17.500,20.500,14.500,16.000,28.10
98.775,17.500,20.500,14.500,16.000,28.60
98.800,17.500,20.500,14.500,16.000,29.00
98.825,17.500,20.500,14.500,16.000,29.50
98.850,17.500,20.500,14.500,16.000,29.40
98.875,17.500,20.500,14.500,16.000,30.50
98.900,17.500,20.500,14.500,16.000,31.10
98.925,17.500,20.500,14.500,16.000,31.60
98.950,17.500,20.500,14.500,16.000,32.00
98.975,17.500,20.500,14.500,16.000,32.30
99.000,17.500,20.500,14.500,16.000,32.70
99.025,17.500,20.500,14.500,16.000,33.30
99.050,17.500,20.500,14.500,16.000,33.50
99.075,17.500,20.500,14.500,16.000,33.80
99.100,17.500,20.500,14.500,16.000,34.00
99.125,17.500,20.500,14.500,16.000,33.90
99.150,17.500,20.500,14.500,16.000,34.10
99.175,17.500,20.500,14.500,16.000,34.10
99.200,17.500,20.500,14.500,16.000,34.70
99.225,17.500,20.500,14.500,16.000,35.10
99.250,17.500,20.500,14.500,16.000,34.50
99.275,17.500,20.500,14.500,16.000,34.90
99.300,17.500,20.500,14.500,16.000,34.90
99.325,17.500,20.500,14.500,16.000,35.00
99.350,17.500,20.500,14.500,16.000,34.70
99.375,17.500,20.500,14.500,16.000,34.30
99.400,17.500,20.500,14.500,16.000,34.60
99.425,17.500,20.500,14.500,16.000,34.70
99.450,17.500,20.500,14.500,16.000,34.50
99.475,17.500,20.500,14.500,16.000,33.90
99.500,17.500,20.500,14.500,16.000,34.10
99.525,17.500,20.500,14.500,16.000,34.00
99.550,17.500,20.500,14.500,16.000,33.10
99.575,17.500,20.500,14.500,16.000,33.10
99.600,17.500,20.500,14.500,16.000,32.90
99.625,17.500,20.500,14.500,16.000,32.30
99.650,17.500,20.500,14.500,16.000,32.30
99.675,17.500,20.500,14.500,16.000,32.10
99.700,17.500,20.500,14.500,16.000,31.20
99.725,17.500,20.500,14.500,16.000,31.40
99.750,17.500,20.500,14.500,16.000,30.60
99.775,17.500,20.500,14.500,16.000,30.10
99.800,17.500,20.500,14.500,16.000,29.70
99.825,17.500,20.500,14.500,16.000,29.50
99.850,17.500,20.500,14.500,16.000,29.30
99.875,17.500,20.500,14.500,16.000,28.70
99.900,17.500,20.500,14.500,16.000,28.40
99.925,17.500,20.500,14.500,16.000,28.40
99.950,17.500,20.500,14.500,16.000,27.50
99.975,17.500,20.500,14.500,16.000,27.70
100.000,17.500,20.500,14.500,16.000,26.80
100.025,17.500,20.500,14.500,16.000,26.80
100.050,17.500,20.500,14.500,16.000,26.30
100.075,17.500,20.500,14.500,16.000,25.30
100.100,17.500,20.500,14.500,16.000,25.40
100.125,17.500,20.500,14.500,16.000,25.10
100.150,17.500,20.500,14.500,16.000,23.80
100.175,17.500,20.500,14.500,16.000,23.80
100.200,17.500,20.500,14.500,16.000,23.80
100.225,17.500,20.500,14.500,16.000,22.70
100.250,17.500,20.500,14.500,16.000,22.00
100.275,17.500,20.500,14.500,16.000,21.90
100.300,17.500,20.500,14.500,16.000,21.30
100.325,17.500,20.500,14.500,16.000,21.00
100.350,17.500,20.500,14.500,16.000,20.10
100.375,17.500,20.500,14.500,16.000,19.30
100.400,17.500,20.500,14.500,16.000,18.90
100.425,17.500,20.500,14.500,16.000,18.30
100.450,17.500,20.500,14.500,16.000,18.10
100.475,17.500,20.500,14.500,16.000,17.10
100.500,17.500,20.500,14.500,16.000,16.50
100.525,17.500,20.500,14.500,16.000,16.10
100.550,17.500,20.500,14.500,16.000,15.70
100.575,17.500,20.500,14.500,16.000,14.90
100.600,17.500,20.500,14.500,17.500,14.30
100.625,17.500,20.500,14.500,17.500,14.20
100.650,17.500,20.500,14.500,17.500,13.20
100.675,17.500,20.500,14.500,17.500,12.50
100.700,17.500,20.500,14.500,17.500,12.20
100.725,17.500,20.500,14.500,17.500,12.10
100.750,17.500,20.500,14.500,17.500,11.00
100.775,17.500,20.500,14.500,17.500,10.70
100.800,17.500,20.500,14.500,17.500,10.20
100.825,17.500,20.500,14.500,17.500,9.60
100.850,17.500,20.500,14.500,17.500,9.30
100.875,17.500,20.500,14.500,17.500,8.40
100.900,17.500,20.500,14.500,17.500,8.40
100.925,17.500,20.500,14.500,17.500,8.00
100.950,17.500,20.500,14.500,17.500,7.10
100.975,17.500,20.500,14.500,17.500,7.00
101.000,17.500,20.500,14.500,17.500,6.30
101.025,17.500,20.500,14.500,17.500,5.50
101.050,17.500,20.500,14.500,17.500,6.00
101.075,17.500,20.500,14.500,17.500,5.40
101.100,17.500,20.500,14.500,17.500,5.50
101.125,17.500,20.500,14.500,17.500,4.70
101.150,17.500,20.500,14.500,17.500,4.50
101.175,17.500,20.500,14.500,17.500,3.80
101.200,17.500,20.500,14.500,17.500,3.40
101.225,17.500,20.500,14.500,17.500,3.50
101.250,17.500,20.500,14.500,17.500,3.60
101.275,17.500,20.500,14.500,17.500,2.50
101.300,17.500,20.500,14.500,17.500,2.90
101.325,17.500,20.500,14.500,17.500,2.50
101.350,17.500,20.500,14.500,17.500,2.40
101.375,17.500,20.500,14.500,17.500,1.90
101.400,17.500,20.500,14.500,17.500,1.90
101.425,17.500,20.500,14.500,17.500,1.60
101.450,17.500,20.500,14.500,17.500,2.20
101.475,17.500,20.500,14.500,17.500,2.00
101.500,17.500,20.500,14.500,17.500,1.60
101.525,17.500,20.500,14.500,17.500,1.30
101.550,17.500,20.500,14.500,17.500,2.10
101.575,17.500,20.500,14.500,17.500,2.20
101.600,17.500,20.500,14.500,17.500,1.90
101.625,17.500,20.500,14.500,17.500,2.20
101.650,17.500,20.500,14.500,17.500,2.20
101.675,17.500,20.500,14.500,17.500,1.40
101.700,17.500,20.500,14.500,17.500,2.20
101.725,17.500,20.500,14.500,17.500,2.10
101.750,17.500,20.500,14.500,17.500,2.10
101.775,17.500,20.500,14.500,17.500,3.00
101.800,17.500,20.500,14.500,17.500,2.70
101.825,17.500,20.500,14.500,17.500,2.70
101.850,17.500,20.500,14.500,17.500,2.90
101.875,17.500,20.500,14.500,17.500,3.40
101.900,17.500,20.500,14.500,17.500,3.60
101.925,17.500,20.500,14.500,17.500,3.40
101.950,17.500,20.500,14.500,17.500,3.60
101.975,17.500,20.500,14.500,17.500,3.90
102.000,17.500,20.500,14.500,17.500,4.30
102.025,17.500,20.500,14.500,17.500,4.60
102.050,17.500,20.500,14.500,17.500,4.90
102.075,17.500,20.500,14.500,17.500,5.90
102.100,17.500,20.500,14.500,17.500,5.40
102.125,17.500,20.500,14.500,17.500,5.70
102.150,17.500,20.500,14.500,17.500,6.70
102.175,17.500,20.500,14.500,17.500,6.40
102.200,17.500,20.500,14.500,17.500,7.20
102.225,17.500,20.500,14.500,17.500,7.30
102.250,17.500,20.500,14.500,17.500,7.30
102.275,17.500,20.500,14.500,17.500,8.60
102.300,17.500,20.500,14.500,17.500,8.60
102.325,17.500,20.500,14.500,17.500,8.80
102.350,17.500,20.500,14.500,17.500,9.70
102.375,17.500,20.500,14.500,17.500,9.90
102.400,17.500,20.500,14.500,17.500,10.00
102.425,17.500,20.500,14.500,17.500,11.00
102.450,17.500,20.500,14.500,17.500,11.50
102.475,17.500,20.500,14.500,17.500,11.40
102.500,17.500,20.500,14.500,17.500,11.90
102.525,17.500,20.500,14.500,17.500,11.90
102.550,17.500,20.500,14.500,17.500,12.90
102.575,17.500,20.500,14.500,17.500,13.20
102.600,17.500,20.500,14.500,17.500,13.50
102.625,17.500,20.500,14.500,17.500,14.50
102.650,17.500,20.500,14.500,17.500,14.60
102.675,17.500,20.500,14.500,17.500,15.80
102.700,17.500,20.500,14.500,17.500,16.10
102.725,17.500,20.500,14.500,17.500,16.80
102.750,17.500,20.500,14.500,17.500,17.70
102.775,17.500,20.500,14.500,17.500,18.60
102.800,17.500,20.500,14.500,17.500,18.30
102.825,17.500,20.500,14.500,17.500,19.30
102.850,17.500,20.500,14.500,17.500,19.60
102.875,17.500,20.500,14.500,17.500,20.50
102.900,17.500,20.500,14.500,17.500,20.40
102.925,17.500,20.500,14.500,16.000,20.90
102.950,17.500,20.500,14.500,16.000,22.40
102.975,17.500,20.500,14.500,16.000,22.50
103.000,17.500,20.500,14.500,16.000,22.70
103.025,17.500,20.500,14.500,16.000,23.50
103.050,17.500,20.500,14.500,16.000,24.50
103.075,17.500,20.500,14.500,16.000,25.20
103.100,17.500,20.500,14.500,16.000,25.70
103.125,17.500,20.500,14.500,16.000,25.60
103.150,17.500,20.500,14.500,16.000,26.70
103.175,17.500,20.500,14.500,16.000,26.70
103.200,17.500,20.500,14.500,16.000,27.20
103.225,17.500,20.500,14.500,16.000,28.30
103.250,17.500,20.500,14.500,16.000,28.00
103.275,17.500,20.500,14.500,16.000,29.00
103.300,17.500,20.500,14.500,16.000,29.60
103.325,17.500,20.500,14.500,16.000,29.60
103.350,17.500,20.500,14.500,16.000,30.40
103.375,17.500,20.500,14.500,16.000,30.30
103.400,17.500,20.500,14.500,16.000,31.50
103.425,17.500,20.500,14.500,16.000,31.50
103.450,17.500,20.500,14.500,16.000,32.00
103.475,17.500,20.500,14.500,16.000,32.70
103.500,17.500,20.500,14.500,16.000,33.30
103.525,17.500,20.500,14.500,16.000,33.40
103.550,17.500,20.500,14.500,16.000,34.00
103.575,17.500,20.500,14.500,16.000,34.60
103.600,17.500,20.500,14.500,16.000,34.20
103.625,17.500,20.500,14.500,16.000,34.80
103.650,17.500,20.500,14.500,16.000,35.10
103.675,17.500,20.500,14.500,16.000,35.50
103.700,17.500,20.500,14.500,16.000,35.60
103.725,17.500,20.500,14.500,16.000,35.10
103.750,17.500,20.500,14.500,16.000,35.70
103.775,17.500,20.500,14.500,16.000,35.30
103.800,17.500,20.500,14.500,16.000,35.90
103.825,17.500,20.500,14.500,16.000,35.50
103.850,17.500,20.500,14.500,16.000,35.60
103.875,17.500,20.500,14.500,16.000,35.30
103.900,17.500,20.500,14.500,16.000,35.50
103.925,17.500,20.500,14.500,16.000,35.30
103.950,17.500,20.500,14.500,16.000,35.50
103.975,17.500,20.500,14.500,16.000,34.90
104.000,17.500,20.500,14.500,16.000,34.40
104.025,17.500,20.500,14.500,16.000,33.80
104.050,17.500,20.500,14.500,16.000,34.30
104.075,17.500,20.500,14.500,16.000,33.90
104.100,17.500,20.500,14.500,16.000,33.60
104.125,17.500,20.500,14.500,16.000,33.00
104.150,17.500,20.500,14.500,16.000,32.90
104.175,17.500,20.500,14.500,16.000,32.40
104.200,17.500,20.500,14.500,16.000,31.80
104.225,17.500,20.500,14.500,16.000,31.60
104.250,17.500,20.500,14.500,16.000,30.70
104.275,17.500,20.500,14.500,16.000,30.60
104.300,17.500,20.500,14.500,16.000,30.20
104.325,17.500,20.500,14.500,16.000,29.50
104.350,17.500,20.500,14.500,16.000,29.30
104.375,17.500,20.500,14.500,16.000,29.00
104.400,17.500,20.500,14.500,16.000,28.60
104.425,17.500,20.500,14.500,16.000,28.40
104.450,17.500,20.500,14.500,16.000,27.80
104.475,17.500,20.500,14.500,16.000,27.50
104.500,17.500,20.500,14.500,16.000,27.70
104.525,17.500,20.500,14.500,16.000,26.70
104.550,17.500,20.500,14.500,16.000,26.30
104.575,17.500,20.500,14.500,16.000,25.70
104.600,17.500,20.500,14.500,16.000,25.10
104.625,17.500,20.500,14.500,16.000,24.80
104.650,17.500,20.500,14.500,16.000,24.20
104.675,17.500,20.500,14.500,16.000,24.10
104.700,17.500,20.500,14.500,16.000,23.50
104.725,17.500,20.500,14.500,16.000,22.50
104.750,17.500,20.500,14.500,16.000,22.00
104.775,17.500,20.500,14.500,16.000,21.80
104.800,17.500,20.500,14.500,16.000,21.10
104.825,17.500,20.500,14.500,16.000,20.40
104.850,17.500,20.500,14.500,16.000,19.80
104.875,17.500,20.500,14.500,16.000,19.10
104.900,17.500,20.500,14.500,16.000,18.80
104.925,17.500,20.500,14.500,16.000,18.60
104.950,17.500,20.500,14.500,16.000,17.60
104.975,17.500,20.500,14.500,16.000,16.90
105.000,17.500,20.500,14.500,16.000,16.00
105.025,17.500,20.500,14.500,16.000,15.40
105.050,17.500,20.500,14.500,16.000,14.60
105.075,17.500,20.500,14.500,17.500,14.30
105.100,17.500,20.500,14.500,17.500,13.90
105.125,17.500,20.500,14.500,17.500,13.20
105.150,17.500,20.500,14.500,17.500,12.70
105.175,17.500,20.500,14.500,17.500,12.10
105.200,17.500,20.500,14.500,17.500,11.20
105.225,17.500,20.500,14.500,17.500,10.70
105.250,17.500,20.500,14.500,17.500,9.70
105.275,17.500,20.500,14.500,17.500,9.20
105.300,17.500,20.500,14.500,17.500,9.40
105.325,17.500,20.500,14.500,17.500,8.50
105.350,17.500,20.500,14.500,17.500,8.30
105.375,17.500,20.500,14.500,17.500,8.00
105.400,17.500,20.500,14.500,17.500,7.40
105.425,17.500,20.500,14.500,17.500,6.60
105.450,17.500,20.500,14.500,17.500,6.20
105.475,17.500,20.500,14.500,17.500,5.90
105.500,17.500,20.500,14.500,17.500,5.70
105.525,17.500,20.500,14.500,17.500,5.10
105.550,17.500,20.500,14.500,17.500,5.20
105.575,17.500,20.500,14.500,17.500,4.30
105.600,17.500,20.500,14.500,17.500,4.20
105.625,17.500,20.500,14.500,17.500,3.70
105.650,17.500,20.500,14.500,17.500,3.80
105.675,17.500,20.500,14.500,17.500,3.10
105.700,17.500,20.500,14.500,17.500,2.90
105.725,17.500,20.500,14.500,17.500,2.90
105.750,17.500,20.500,14.500,17.500,3.10
105.775,17.500,20.500,14.500,17.500,3.10
105.800,17.500,20.500,14.500,17.500,2.10
105.825,17.500,20.500,14.500,17.500,1.80
105.850,17.500,20.500,14.500,17.500,1.60
105.875,17.500,20.500,14.500,17.500,1.50
105.900,17.500,20.500,14.500,17.500,1.70
105.925,17.500,20.500,14.500,17.500,2.10
105.950,17.500,20.500,14.500,17.500,1.70
105.975,17.500,20.500,14.500,17.500,1.40
106.000,17.500,20.500,14.500,17.500,1.50
106.025,17.500,20.500,14.500,17.500,1.10
106.050,17.500,20.500,14.500,17.500,1.20
106.075,17.500,20.500,14.500,17.500,1.50
106.100,17.500,20.500,14.500,17.500,1.70
106.125,17.500,20.500,14.500,17.500,1.50
106.150,17.500,20.500,14.500,17.500,1.60
106.175,17.500,20.500,14.500,17.500,1.60
106.200,17.500,20.500,14.500,17.500,2.50
106.225,17.500,20.500,14.500,17.500,2.10
106.250,17.500,20.500,14.500,17.500,2.20
106.275,17.500,20.500,14.500,17.500,2.30
106.300,17.500,20.500,14.500,17.500,2.50
106.325,17.500,20.500,14.500,17.500,2.30
106.350,17.500,20.500,14.500,17.500,2.20
106.375,17.500,20.500,14.500,17.500,2.80
106.400,17.500,20.500,14.500,17.500,2.90
106.425,17.500,20.500,14.500,17.500,3.70
106.450,17.500,20.500,14.500,17.500,3.60
106.475,17.500,20.500,14.500,17.500,4.20
106.500,17.500,20.500,14.500,17.500,3.80
106.525,17.500,20.500,14.500,17.500,4.10
106.550,17.500,20.500,14.500,17.500,4.20
106.575,17.500,20.500,14.500,17.500,4.20
106.600,17.500,20.500,14.500,17.500,4.70
106.625,17.500,20.500,14.500,17.500,5.20
106.650,17.500,20.500,14.500,17.500,5.00
106.675,17.500,20.500,14.500,17.500,5.90
106.700,17.500,20.500,14.500,17.500,6.00
106.725,17.500,20.500,14.500,17.500,6.00
106.750,17.500,20.500,14.500,17.500,6.60
106.775,17.500,20.500,14.500,17.500,6.90
106.800,17.500,20.500,14.500,17.500,7.10
106.825,17.500,20.500,14.500,17.500,7.90
106.850,17.500,20.500,14.500,17.500,8.40
106.875,17.500,20.500,14.500,17.500,8.60
106.900,17.500,20.500,14.500,17.500,8.60
106.925,17.500,20.500,14.500,17.500,9.40
106.950,17.500,20.500,14.500,17.500,9.20
106.975,17.500,20.500,14.500,17.500,9.70
107.000,17.500,20.500,14.500,17.500,9.70
107.025,17.500,20.500,14.500,17.500,10.50
107.050,17.500,20.500,14.500,17.500,10.70
107.075,17.500,20.500,14.500,17.500,11.10
107.100,17.500,20.500,14.500,17.500,11.70
107.125,17.500,20.500,14.500,17.500,12.10
107.150,17.500,20.500,14.500,17.500,12.30
107.175,17.500,20.500,14.500,17.500,12.60
107.200,17.500,20.500,14.500,17.500,13.20
107.225,17.500,20.500,14.500,17.500,14.50
107.250,17.500,20.500,14.500,17.500,14.40
107.275,17.500,20.500,14.500,17.500,15.10
107.300,17.500,20.500,14.500,17.500,15.10
107.325,17.500,20.500,14.500,17.500,16.20
107.350,17.500,20.500,14.500,17.500,16.30
107.375,17.500,20.500,14.500,17.500,16.10
107.400,17.500,20.500,14.500,17.500,17.10
107.425,17.500,20.500,14.500,17.500,17.70
107.450,17.500,20.500,14.500,17.500,18.00
107.475,17.500,20.500,14.500,17.500,18.50
107.500,17.500,20.500,14.500,17.500,19.30
107.525,17.500,20.500,14.500,17.500,20.00
107.550,17.500,20.500,14.500,17.500,19.80
107.575,17.500,20.500,14.500,17.500,20.30
107.600,17.500,20.500,14.500,16.000,21.50
107.625,17.500,20.500,14.500,16.000,22.00
107.650,17.500,20.500,14.500,16.000,22.20
107.675,17.500,20.500,14.500,16.000,23.20
107.700,17.500,20.500,14.500,16.000,23.40
107.725,17.500,20.500,14.500,16.000,24.20
107.750,17.500,20.500,14.500,16.000,24.50
107.775,17.500,20.500,14.500,16.000,24.80
107.800,17.500,20.500,14.500,16.000,25.90
107.825,17.500,20.500,14.500,16.000,25.90
107.850,17.500,20.500,14.500,16.000,26.10
107.875,17.500,20.500,14.500,16.000,26.90
107.900,17.500,20.500,14.500,16.000,26.90
107.925,17.500,20.500,14.500,16.000,27.60
107.950,17.500,20.500,14.500,16.000,28.40
107.975,17.500,20.500,14.500,16.000,28.20
108.000,17.500,20.500,14.500,16.000,28.70
108.025,17.500,20.500,14.500,16.000,28.90
108.050,17.500,20.500,14.500,16.000,29.30
108.075,17.500,20.500,14.500,16.000,29.50
108.100,17.500,20.500,14.500,16.000,30.10
108.125,17.500,20.500,14.500,16.000,30.80
108.150,17.500,20.500,14.500,16.000,31.00
108.175,17.500,20.500,14.500,16.000,31.20
108.200,17.500,20.500,14.500,16.000,32.20
108.225,17.500,20.500,14.500,16.000,32.10
108.250,17.500,20.500,14.500,16.000,32.60
108.275,17.500,20.500,14.500,16.000,33.00
108.300,17.500,20.500,14.500,16.000,32.80
108.325,17.500,20.500,14.500,16.000,33.50
108.350,17.500,20.500,14.500,16.000,33.40
108.375,17.500,20.500,14.500,16.000,33.60
108.400,17.500,20.500,14.500,16.000,33.10
108.425,17.500,20.500,14.500,16.000,33.70
108.450,17.500,20.500,14.500,16.000,34.00
108.475,17.500,20.500,14.500,16.000,34.20
108.500,17.500,20.500,14.500,16.000,34.00
108.525,17.500,20.500,14.500,16.000,33.90
108.550,17.500,20.500,14.500,16.000,33.50
108.575,17.500,20.500,14.500,16.000,33.90
108.600,17.500,20.500,14.500,16.000,33.70
108.625,17.500,20.500,14.500,16.000,33.50
108.650,17.500,20.500,14.500,16.000,33.40
108.675,17.500,20.500,14.500,16.000,33.50
108.700,17.500,20.500,14.500,16.000,33.40
108.725,17.500,20.500,14.500,16.000,32.60
108.750,17.500,20.500,14.500,16.000,32.70
108.775,17.500,20.500,14.500,16.000,31.70
108.800,17.500,20.500,14.500,16.000,31.70
108.825,17.500,20.500,14.500,16.000,32.00
108.850,17.500,20.500,14.500,16.000,31.50
108.875,17.500,20.500,14.500,16.000,30.90
108.900,17.500,20.500,14.500,16.000,30.80
108.925,17.500,20.500,14.500,16.000,30.30
108.950,17.500,20.500,14.500,16.000,29.80
108.975,17.500,20.500,14.500,16.000,29.70
109.000,17.500,20.500,14.500,16.000,29.50
109.025,17.500,20.500,14.500,16.000,29.20
109.050,17.500,20.500,14.500,16.000,28.10
109.075,17.500,20.500,14.500,16.000,28.70
109.100,17.500,20.500,14.500,16.000,28.10
109.125,17.500,20.500,14.500,16.000,27.70
109.150,17.500,20.500,14.500,16.000,27.60
109.175,17.500,20.500,14.500,16.000,27.30
109.200,17.500,20.500,14.500,16.000,27.00
109.225,17.500,20.500,14.500,16.000,26.60
109.250,17.500,20.500,14.500,16.000,25.70
109.275,17.500,20.500,14.500,16.000,25.80
109.300,17.500,20.500,14.500,16.000,24.90
109.325,17.500,20.500,14.500,16.000,24.60
109.350,17.500,20.500,14.500,16.000,24.50
109.375,17.500,20.500,14.500,16.000,23.50
109.400,17.500,20.500,14.500,16.000,23.20
109.425,17.500,20.500,14.500,16.000,22.60
109.450,17.500,20.500,14.500,16.000,21.50
109.475,17.500,20.500,14.500,16.000,22.10
109.500,17.500,20.500,14.500,16.000,20.90
109.525,17.500,20.500,14.500,16.000,20.40
109.550,17.500,20.500,14.500,16.000,20.50
109.575,17.500,20.500,14.500,16.000,19.70
109.600,17.500,20.500,14.500,16.000,19.40
109.625,17.500,20.500,14.500,16.000,19.00
109.650,17.500,20.500,14.500,16.000,18.10
109.675,17.500,20.500,14.500,16.000,17.40
109.700,17.500,20.500,14.500,16.000,16.90
109.725,17.500,20.500,14.500,16.000,16.20
109.750,17.500,20.500,14.500,16.000,16.10
109.775,17.500,20.500,14.500,16.000,15.20
109.800,17.500,20.500,14.500,17.500,14.30
109.825,17.500,20.500,14.500,17.500,14.30
109.850,17.500,20.500,14.500,17.500,13.00
109.875,17.500,20.500,14.500,17.500,12.80
109.900,17.500,20.500,14.500,17.500,11.30
109.925,17.500,20.500,14.500,17.500,11.50
109.950,17.500,20.500,14.500,17.500,11.40
109.975,17.500,20.500,14.500,17.500,10.70
110.000,17.500,20.500,14.500,17.500,10.10
110.025,17.500,20.500,14.500,17.500,9.60
110.050,17.500,20.500,14.500,17.500,9.00
110.075,17.500,20.500,14.500,17.500,8.90
110.100,17.500,20.500,14.500,17.500,8.20
110.125,17.500,20.500,14.500,17.500,8.10
110.150,17.500,20.500,14.500,17.500,7.60
110.175,17.500,20.500,14.500,17.500,6.80
110.200,17.500,20.500,14.500,17.500,6.80
110.225,17.500,20.500,14.500,17.500,6.30
110.250,17.500,20.500,14.500,17.500,6.00
110.275,17.500,20.500,14.500,17.500,5.40
110.300,17.500,20.500,14.500,17.500,5.10
110.325,17.500,20.500,14.500,17.500,4.70
110.350,17.500,20.500,14.500,17.500,4.40
110.375,17.500,20.500,14.500,17.500,4.60
110.400,17.500,20.500,14.500,17.500,4.60
110.425,17.500,20.500,14.500,17.500,4.00
110.450,17.500,20.500,14.500,17.500,3.60
110.475,17.500,20.500,14.500,17.500,3.30
110.500,17.500,20.500,14.500,17.500,4.10
110.525,17.500,20.500,14.500,17.500,2.90
110.550,17.500,20.500,14.500,17.500,3.10
110.575,17.500,20.500,14.500,17.500,2.90
110.600,17.500,20.500,14.500,17.500,3.20
110.625,17.500,20.500,14.500,17.500,2.80
110.650,17.500,20.500,14.500,17.500,3.10
110.675,17.500,20.500,14.500,17.500,2.90
110.700,17.500,20.500,14.500,17.500,3.00
110.725,17.500,20.500,14.500,17.500,2.90
110.750,17.500,20.500,14.500,17.500,2.80
110.775,17.500,20.500,14.500,17.500,2.60
110.800,17.500,20.500,14.500,17.500,3.20
110.825,17.500,20.500,14.500,17.500,2.30
110.850,17.500,20.500,14.500,17.500,2.80
110.875,17.500,20.500,14.500,17.500,3.20
110.900,17.500,20.500,14.500,17.500,2.60
110.925,17.500,20.500,14.500,17.500,3.80
110.950,17.500,20.500,14.500,17.500,4.10
110.975,17.500,20.500,14.500,17.500,2.90
111.000,17.500,20.500,14.500,17.500,3.60
111.025,17.500,20.500,14.500,17.500,3.40
111.050,17.500,20.500,14.500,17.500,3.90
111.075,17.500,20.500,14.500,17.500,4.60
111.100,17.500,20.500,14.500,17.500,4.90
111.125,17.500,20.500,14.500,17.500,4.60
111.150,17.500,20.500,14.500,17.500,5.30
111.175,17.500,20.500,14.500,17.500,5.60
111.200,17.500,20.500,14.500,17.500,5.60
111.225,17.500,20.500,14.500,17.500,5.80
111.250,17.500,20.500,14.500,17.500,6.40
111.275,17.500,20.500,14.500,17.500,6.90
111.300,17.500,20.500,14.500,17.500,6.20
111.325,17.500,20.500,14.500,17.500,7.70
111.350,17.500,20.500,14.500,17.500,7.40
111.375,17.500,20.500,14.500,17.500,8.10
111.400,17.500,20.500,14.500,17.500,8.10
111.425,17.500,20.500,14.500,17.500,8.50
111.450,17.500,20.500,14.500,17.500,9.20
111.475,17.500,20.500,14.500,17.500,9.60
111.500,17.500,20.500,14.500,17.500,9.70
111.525,17.500,20.500,14.500,17.500,10.00
111.550,17.500,20.500,14.500,17.500,10.60
111.575,17.500,20.500,14.500,17.500,10.70
111.600,17.500,20.500,14.500,17.500,11.20
111.625,17.500,20.500,14.500,17.500,11.40
111.650,17.500,20.500,14.500,17.500,12.60
111.675,17.500,20.500,14.500,17.500,12.70
111.700,17.500,20.500,14.500,17.500,12.80
111.725,17.500,20.500,14.500,17.500,13.80
111.750,17.500,20.500,14.500,17.500,14.30
111.775,17.500,20.500,14.500,17.500,14.40
111.800,17.500,20.500,14.500,17.500,15.50
111.825,17.500,20.500,14.500,17.500,15.50
111.850,17.500,20.500,14.500,17.500,16.80
111.875,17.500,20.500,14.500,17.500,16.90
111.900,17.500,20.500,14.500,17.500,17.10
111.925,17.500,20.500,14.500,17.500,17.50
111.950,17.500,20.500,14.500,17.500,18.20
111.975,17.500,20.500,14.500,17.500,18.60
112.000,17.500,20.500,14.500,17.500,19.30
112.025,17.500,20.500,14.500,17.500,20.20
112.050,17.500,20.500,14.500,16.000,20.80
112.075,17.500,20.500,14.500,16.000,21.60
112.100,17.500,20.500,14.500,16.000,21.40
112.125,17.500,20.500,14.500,16.000,22.60
112.150,17.500,20.500,14.500,16.000,23.10
112.175,17.500,20.500,14.500,16.000,23.60
112.200,17.500,20.500,14.500,16.000,24.10
112.225,17.500,20.500,14.500,16.000,24.80
112.250,17.500,20.500,14.500,16.000,25.50
112.275,17.500,20.500,14.500,16.000,26.00
112.300,17.500,20.500,14.500,16.000,26.00
112.325,17.500,20.500,14.500,16.000,26.90
112.350,17.500,20.500,14.500,16.000,27.20
112.375,17.500,20.500,14.500,16.000,27.70
112.400,17.500,20.500,14.500,16.000,28.10
112.425,17.500,20.500,14.500,16.000,28.10
112.450,17.500,20.500,14.500,16.000,28.80
112.475,17.500,20.500,14.500,16.000,29.40
112.500,17.500,20.500,14.500,16.000,29.60
112.525,17.500,20.500,14.500,16.000,30.50
112.550,17.500,20.500,14.500,16.000,30.90
112.575,17.500,20.500,14.500,16.000,31.40
112.600,17.500,20.500,14.500,16.000,31.80
112.625,17.500,20.500,14.500,16.000,32.20
112.650,17.500,20.500,14.500,16.000,33.20
112.675,17.500,20.500,14.500,16.000,33.20
112.700,17.500,20.500,14.500,16.000,33.60
112.725,17.500,20.500,14.500,16.000,33.80
112.750,17.500,20.500,14.500,16.000,33.80
112.775,17.500,20.500,14.500,16.000,34.80
112.800,17.500,20.500,14.500,16.000,34.70
112.825,17.500,20.500,14.500,16.000,35.40
112.850,17.500,20.500,14.500,16.000,35.30
112.875,17.500,20.500,14.500,16.000,35.50
112.900,17.500,20.500,14.500,16.000,36.10
112.925,17.500,20.500,14.500,16.000,36.00
112.950,17.500,20.500,14.500,16.000,35.60
112.975,17.500,20.500,14.500,16.000,35.80
113.000,17.500,20.500,14.500,16.000,35.90
113.025,17.500,20.500,14.500,16.000,36.00
113.050,17.500,20.500,14.500,16.000,35.60
113.075,17.500,20.500,14.500,16.000,35.70
113.100,17.500,20.500,14.500,16.000,35.90
113.125,17.500,20.500,14.500,16.000,35.40
113.150,17.500,20.500,14.500,16.000,35.40
113.175,17.500,20.500,14.500,16.000,35.30
113.200,17.500,20.500,14.500,16.000,34.50
113.225,17.500,20.500,14.500,16.000,34.30
113.250,17.500,20.500,14.500,16.000,33.70
113.275,17.500,20.500,14.500,16.000,33.90
113.300,17.500,20.500,14.500,16.000,33.90
113.325,17.500,20.500,14.500,16.000,33.30
113.350,17.500,20.500,14.500,16.000,32.70
113.375,17.500,20.500,14.500,16.000,32.00
113.400,17.500,20.500,14.500,16.000,32.30
113.425,17.500,20.500,14.500,16.000,31.20
113.450,17.500,20.500,14.500,16.000,31.10
113.475,17.500,20.500,14.500,16.000,30.50
113.500,17.500,20.500,14.500,16.000,30.20
113.525,17.500,20.500,14.500,16.000,29.50
113.550,17.500,20.500,14.500,16.000,29.40
113.575,17.500,20.500,14.500,16.000,28.60
113.600,17.500,20.500,14.500,16.000,29.00
113.625,17.500,20.500,14.500,16.000,28.40
113.650,17.500,20.500,14.500,16.000,28.20
113.675,17.500,20.500,14.500,16.000,27.70
113.700,17.500,20.500,14.500,16.000,27.20
113.725,17.500,20.500,14.500,16.000,26.60
113.750,17.500,20.500,14.500,16.000,26.40
113.775,17.500,20.500,14.500,16.000,25.50
113.800,17.500,20.500,14.500,16.000,25.40
113.825,17.500,20.500,14.500,16.000,25.00
113.850,17.500,20.500,14.500,16.000,24.80
113.875,17.500,20.500,14.500,16.000,24.40
113.900,17.500,20.500,14.500,16.000,23.30
113.925,17.500,20.500,14.500,16.000,23.30
113.950,17.500,20.500,14.500,16.000,22.40
113.975,17.500,20.500,14.500,16.000,21.90
114.000,17.500,20.500,14.500,16.000,21.60
114.025,17.500,20.500,14.500,16.000,20.60
114.050,17.500,20.500,14.500,16.000,20.10
114.075,17.500,20.500,14.500,16.000,19.70
114.100,17.500,20.500,14.500,16.000,19.00
114.125,17.500,20.500,14.500,16.000,18.90
114.150,17.500,20.500,14.500,16.000,17.20
114.175,17.500,20.500,14.500,16.000,17.90
114.200,17.500,20.500,14.500,16.000,17.50
114.225,17.500,20.500,14.500,16.000,16.40
114.250,17.500,20.500,14.500,16.000,15.90
114.275,17.500,20.500,14.500,16.000,15.60
114.300,17.500,20.500,14.500,16.000,14.90
114.325,17.500,20.500,14.500,16.000,14.50
114.350,17.500,20.500,14.500,17.500,13.40
114.375,17.500,20.500,14.500,17.500,13.00
114.400,17.500,20.500,14.500,17.500,12.70
114.425,17.500,20.500,14.500,17.500,11.50
114.450,17.500,20.500,14.500,17.500,11.50
114.475,17.500,20.500,14.500,17.500,10.90
114.500,17.500,20.500,14.500,17.500,10.10
114.525,17.500,20.500,14.500,17.500,10.00
114.550,17.500,20.500,14.500,17.500,9.40
114.575,17.500,20.500,14.500,17.500,9.10
114.600,17.500,20.500,14.500,17.500,8.20
114.625,17.500,20.500,14.500,17.500,8.50
114.650,17.500,20.500,14.500,17.500,8.70
114.675,17.500,20.500,14.500,17.500,7.70
114.700,17.500,20.500,14.500,17.500,7.30
114.725,17.500,20.500,14.500,17.500,7.20
114.750,17.500,20.500,14.500,17.500,6.50
114.775,17.500,20.500,14.500,17.500,5.90
114.800,17.500,20.500,14.500,17.500,5.60
114.825,17.500,20.500,14.500,17.500,5.90
114.850,17.500,20.500,14.500,17.500,5.20
114.875,17.500,20.500,14.500,17.500,5.60
114.900,17.500,20.500,14.500,17.500,4.70
114.925,17.500,20.500,14.500,17.500,4.00
114.950,17.500,20.500,14.500,17.500,3.80
114.975,17.500,20.500,14.500,17.500,4.00
115.000,17.500,20.500,14.500,17.500,3.70
115.025,17.500,20.500,14.500,17.500,3.60
115.050,17.500,20.500,14.500,17.500,3.40
115.075,17.500,20.500,14.500,17.500,3.50
115.100,17.500,20.500,14.500,17.500,3.30
115.125,17.500,20.500,14.500,17.500,3.00
115.150,17.500,20.500,14.500,17.500,3.20
115.175,17.500,20.500,14.500,17.500,2.40
115.200,17.500,20.500,14.500,17.500,2.90
115.225,17.500,20.500,14.500,17.500,2.70
115.250,17.500,20.500,14.500,17.500,3.00
115.275,17.500,20.500,14.500,17.500,2.70
115.300,17.500,20.500,14.500,17.500,2.90
115.325,17.500,20.500,14.500,17.500,2.90
115.350,17.500,20.500,14.500,17.500,2.90
115.375,17.500,20.500,14.500,17.500,2.80
115.400,17.500,20.500,14.500,17.500,3.20
115.425,17.500,20.500,14.500,17.500,3.00
115.450,17.500,20.500,14.500,17.500,3.50
115.475,17.500,20.500,14.500,17.500,4.00
115.500,17.500,20.500,14.500,17.500,3.30
115.525,17.500,20.500,14.500,17.500,4.00
115.550,17.500,20.500,14.500,17.500,3.70
115.575,17.500,20.500,14.500,17.500,4.30
115.600,17.500,20.500,14.500,17.500,4.40
115.625,17.500,20.500,14.500,17.500,4.30
115.650,17.500,20.500,14.500,17.500,4.60
115.675,17.500,20.500,14.500,17.500,5.60
115.700,17.500,20.500,14.500,17.500,5.60
115.725,17.500,20.500,14.500,17.500,5.50
115.750,17.500,20.500,14.500,17.500,5.60
115.775,17.500,20.500,14.500,17.500,6.10
115.800,17.500,20.500,14.500,17.500,6.70
115.825,17.500,20.500,14.500,17.500,7.20
115.850,17.500,20.500,14.500,17.500,7.50
115.875,17.500,20.500,14.500,17.500,7.90
115.900,17.500,20.500,14.500,17.500,8.00
115.925,17.500,20.500,14.500,17.500,8.50
115.950,17.500,20.500,14.500,17.500,8.50
115.975,17.500,20.500,14.500,17.500,9.00
116.000,17.500,20.500,14.500,17.500,8.90
116.025,17.500,20.500,14.500,17.500,10.00
116.050,17.500,20.500,14.500,17.500,10.10
116.075,17.500,20.500,14.500,17.500,10.40
116.100,17.500,20.500,14.500,17.500,11.10
116.125,17.500,20.500,14.500,17.500,11.20
116.150,17.500,20.500,14.500,17.500,11.70
116.175,17.500,20.500,14.500,17.500,12.00
116.200,17.500,20.500,14.500,17.500,13.30
116.225,17.500,20.500,14.500,17.500,13.00
116.250,17.500,20.500,14.500,17.500,13.50
116.275,17.500,20.500,14.500,17.500,13.70
116.300,17.500,20.500,14.500,17.500,15.00
116.325,17.500,20.500,14.500,17.500,15.70
116.350,17.500,20.500,14.500,17.500,15.20
116.375,17.500,20.500,14.500,17.500,16.20
116.400,17.500,20.500,14.500,17.500,16.60
116.425,17.500,20.500,14.500,17.500,17.20
116.450,17.500,20.500,14.500,17.500,17.80
116.475,17.500,20.500,14.500,17.500,18.10
116.500,17.500,20.500,14.500,17.500,19.00
116.525,17.500,20.500,14.500,17.500,19.40
116.550,17.500,20.500,14.500,17.500,20.00
116.575,17.500,20.500,14.500,16.000,21.20
116.600,17.500,20.500,14.500,16.000,21.30
116.625,17.500,20.500,14.500,16.000,22.30
116.650,17.500,20.500,14.500,16.000,23.10
116.675,17.500,20.500,14.500,16.000,23.10
116.700,17.500,20.500,14.500,16.000,23.90
116.725,17.500,20.500,14.500,16.000,24.50
116.750,17.500,20.500,14.500,16.000,24.50
116.775,17.500,20.500,14.500,16.000,25.10
116.800,17.500,20.500,14.500,16.000,25.80
116.825,17.500,20.500,14.500,16.000,26.40
116.850,17.500,20.500,14.500,16.000,26.50
116.875,17.500,20.500,14.500,16.000,27.60
116.900,17.500,20.500,14.500,16.000,27.90
116.925,17.500,20.500,14.500,16.000,28.60
116.950,17.500,20.500,14.500,16.000,28.40
116.975,17.500,20.500,14.500,16.000,29.10
117.000,17.500,20.500,14.500,16.000,29.60
117.025,17.500,20.500,14.500,16.000,30.00
117.050,17.500,20.500,14.500,16.000,29.80
117.075,17.500,20.500,14.500,16.000,30.60
117.100,17.500,20.500,14.500,16.000,31.80
117.125,17.500,20.500,14.500,16.000,31.60
117.150,17.500,20.500,14.500,16.000,32.10
117.175,17.500,20.500,14.500,16.000,32.80
117.200,17.500,20.500,14.500,16.000,33.10
117.225,17.500,20.500,14.500,16.000,33.50
117.250,17.500,20.500,14.500,16.000,34.00
117.275,17.500,20.500,14.500,16.000,34.10
117.300,17.500,20.500,14.500,16.000,34.40
117.325,17.500,20.500,14.500,16.000,34.60
117.350,17.500,20.500,14.500,16.000,35.20
117.375,17.500,20.500,14.500,16.000,35.40
117.400,17.500,20.500,14.500,16.000,34.80
117.425,17.500,20.500,14.500,16.000,34.90
117.450,17.500,20.500,14.500,16.000,35.20
117.475,17.500,20.500,14.500,16.000,35.30
117.500,17.500,20.500,14.500,16.000,35.60
117.525,17.500,20.500,14.500,16.000,35.80
117.550,17.500,20.500,14.500,16.000,35.50
117.575,17.500,20.500,14.500,16.000,35.60
117.600,17.500,20.500,14.500,16.000,35.00
117.625,17.500,20.500,14.500,16.000,34.60
117.650,17.500,20.500,14.500,16.000,35.00
117.675,17.500,20.500,14.500,16.000,34.70
117.700,17.500,20.500,14.500,16.000,35.10
117.725,17.500,20.500,14.500,16.000,34.30
117.750,17.500,20.500,14.500,16.000,33.90
117.775,17.500,20.500,14.500,16.000,33.10
117.800,17.500,20.500,14.500,16.000,33.00
117.825,17.500,20.500,14.500,16.000,32.60
117.850,17.500,20.500,14.500,16.000,32.40
117.875,17.500,20.500,14.500,16.000,31.50
117.900,17.500,20.500,14.500,16.000,31.40
117.925,17.500,20.500,14.500,16.000,31.30
117.950,17.500,20.500,14.500,16.000,30.40
117.975,17.500,20.500,14.500,16.000,29.40
118.000,17.500,20.500,14.500,16.000,29.60
118.025,17.500,20.500,14.500,16.000,29.20
118.050,17.500,20.500,14.500,16.000,29.20
118.075,17.500,20.500,14.500,16.000,28.30
118.100,17.500,20.500,14.500,16.000,28.30
118.125,17.500,20.500,14.500,16.000,28.30
118.150,17.500,20.500,14.500,16.000,27.40
118.175,17.500,20.500,14.500,16.000,27.30
118.200,17.500,20.500,14.500,16.000,26.80
118.225,17.500,20.500,14.500,16.000,26.30
118.250,17.500,20.500,14.500,16.000,26.20
118.275,17.500,20.500,14.500,16.000,25.40
118.300,17.500,20.500,14.500,16.000,25.40
118.325,17.500,20.500,14.500,16.000,25.10
118.350,17.500,20.500,14.500,16.000,23.50
118.375,17.500,20.500,14.500,16.000,23.80
118.400,17.500,20.500,14.500,16.000,22.80
118.425,17.500,20.500,14.500,16.000,22.10
118.450,17.500,20.500,14.500,16.000,22.30
118.475,17.500,20.500,14.500,16.000,21.30
118.500,17.500,20.500,14.500,16.000,20.90
118.525,17.500,20.500,14.500,16.000,20.20
118.550,17.500,20.500,14.500,16.000,19.40
118.575,17.500,20.500,14.500,16.000,19.10
118.600,17.500,20.500,14.500,16.000,18.20
118.625,17.500,20.500,14.500,16.000,18.00
118.650,17.500,20.500,14.500,16.000,17.40
118.675,17.500,20.500,14.500,16.000,16.80
118.700,17.500,20.500,14.500,16.000,15.90
118.725,17.500,20.500,14.500,16.000,16.40
118.750,17.500,20.500,14.500,16.000,15.00
118.775,17.500,20.500,14.500,17.500,14.20
118.800,17.500,20.500,14.500,17.500,13.90
118.825,17.500,20.500,14.500,17.500,13.10
118.850,17.500,20.500,14.500,17.500,12.50
118.875,17.500,20.500,14.500,17.500,11.90
118.900,17.500,20.500,14.500,17.500,11.00
118.925,17.500,20.500,14.500,17.500,10.60
118.950,17.500,20.500,14.500,17.500,10.20
118.975,17.500,20.500,14.500,17.500,10.30
119.000,17.500,20.500,14.500,17.500,9.10
119.025,17.500,20.500,14.500,17.500,8.80
119.050,17.500,20.500,14.500,17.500,8.40
119.075,17.500,20.500,14.500,17.500,8.10
119.100,17.500,20.500,14.500,17.500,7.30
119.125,17.500,20.500,14.500,17.500,7.40
119.150,17.500,20.500,14.500,17.500,6.60
119.175,17.500,20.500,14.500,17.500,6.50
119.200,17.500,20.500,14.500,17.500,5.70
119.225,17.500,20.500,14.500,17.500,5.10
119.250,17.500,20.500,14.500,17.500,4.80
119.275,17.500,20.500,14.500,17.500,5.10
119.300,17.500,20.500,14.500,17.500,4.20
119.325,17.500,20.500,14.500,17.500,4.20
119.350,17.500,20.500,14.500,17.500,3.90
119.375,17.500,20.500,14.500,17.500,3.10
119.400,17.500,20.500,14.500,17.500,3.60
119.425,17.500,20.500,14.500,17.500,3.10
119.450,17.500,20.500,14.500,17.500,2.60
119.475,17.500,20.500,14.500,17.500,2.20
119.500,17.500,20.500,14.500,17.500,2.20
119.525,17.500,20.500,14.500,17.500,1.70
119.550,17.500,20.500,14.500,17.500,1.80
119.575,17.500,20.500,14.500,17.500,2.00
119.600,17.500,20.500,14.500,17.500,2.20
119.625,17.500,20.500,14.500,17.500,1.90
119.650,17.500,20.500,14.500,17.500,2.00
119.675,17.500,20.500,14.500,17.500,1.60
119.700,17.500,20.500,14.500,17.500,1.40
119.725,17.500,20.500,14.500,17.500,1.40
119.750,17.500,20.500,14.500,17.500,1.80
119.775,17.500,20.500,14.500,17.500,1.40
119.800,17.500,20.500,14.500,17.500,2.20
119.825,17.500,20.500,14.500,17.500,2.00
119.850,17.500,20.500,14.500,17.500,1.70
119.875,17.500,20.500,14.500,17.500,1.80
119.900,17.500,20.500,14.500,17.500,2.10
119.925,17.500,20.500,14.500,17.500,2.30
119.950,17.500,20.500,14.500,17.500,2.70
119.975,17.500,20.500,14.500,17.500,2.10
120.000,17.500,20.500,14.500,17.500,2.50